0;Formation 0
1;Formation 1
2;Formation 2
3;Formation 3
4;Formation 4
5;Formation 5
6;Formation 6
7;Formation 7
8;Formation 8
9;Formation 9
10;Formation 10
11;Formation 11
12;Formation 12
13;Formation 13
14;Formation 14
15;Formation 15
16;Formation 16
17;Formation 17
18;Formation 18
19;Formation 19
20;Formation 20
21;Formation 21
22;Formation 22
23;Formation 23
24;Formation 24
25;Formation 25
26;Formation 26
27;Formation 27
28;Formation 28
29;Formation 29
30;Formation 30
31;Formation 31
32;Formation 32
33;Formation 33
34;Formation 34
35;Formation 35
36;Formation 36
37;Formation 37
38;Formation 38
39;Formation 39
40;Formation 40
41;Formation 41
42;Formation 42
43;Formation 43
44;Formation 44
45;Formation 45
46;Formation 46
47;Formation 47
48;Formation 48
49;Formation 49
50;Formation 50
51;Formation 51
52;Formation 52
53;Formation 53
54;Formation 54
55;Formation 55
56;Formation 56
57;Formation 57
58;Formation 58
59;Formation 59
60;Formation 60
61;Formation 61
62;Formation 62
63;Formation 63
64;Formation 64
65;Formation 65
66;Formation 66
67;Formation 67
68;Formation 68
69;Formation 69
70;Formation 70
71;Formation 71
72;Formation 72
73;Formation 73
74;Formation 74
75;Formation 75
76;Formation 76
77;Formation 77
78;Formation 78
79;Formation 79
80;Formation 80
81;Formation 81
82;Formation 82
83;Formation 83
84;Formation 84
85;Formation 85
86;Formation 86
87;Formation 87
88;Formation 88
89;Formation 89
90;Formation 90
91;Formation 91
92;Formation 92
93;Formation 93
94;Formation 94
95;Formation 95
96;Formation 96
97;Formation 97
98;Formation 98
99;Formation 99
100;Formation 100
101;Formation 101
102;Formation 102
103;Formation 103
104;Formation 104
105;Formation 105
106;Formation 106
107;Formation 107
108;Formation 108
109;Formation 109
110;Formation 110
111;Formation 111
112;Formation 112
113;Formation 113
114;Formation 114
115;Formation 115
116;Formation 116
117;Formation 117
118;Formation 118
119;Formation 119
120;Formation 120
121;Formation 121
122;Formation 122
123;Formation 123
124;Formation 124
125;Formation 125
126;Formation 126
127;Formation 127
128;Formation 128
129;Formation 129
130;Formation 130
131;Formation 131
132;Formation 132
133;Formation 133
134;Formation 134
135;Formation 135
136;Formation 136
137;Formation 137
138;Formation 138
139;Formation 139
140;Formation 140
141;Formation 141
142;Formation 142
143;Formation 143
144;Formation 144
145;Formation 145
146;Formation 146
147;Formation 147
148;Formation 148
149;Formation 149
150;Formation 150
151;Formation 151
152;Formation 152
153;Formation 153
154;Formation 154
155;Formation 155
156;Formation 156
157;Formation 157
158;Formation 158
159;Formation 159
160;Formation 160
161;Formation 161
162;Formation 162
163;Formation 163
164;Formation 164
165;Formation 165
166;Formation 166
167;Formation 167
168;Formation 168
169;Formation 169
170;Formation 170
171;Formation 171
172;Formation 172
173;Formation 173
174;Formation 174
175;Formation 175
176;Formation 176
177;Formation 177
178;Formation 178
179;Formation 179
180;Formation 180
181;Formation 181
182;Formation 182
183;Formation 183
184;Formation 184
185;Formation 185
186;Formation 186
187;Formation 187
188;Formation 188
189;Formation 189
190;Formation 190
191;Formation 191
192;Formation 192
193;Formation 193
194;Formation 194
195;Formation 195
196;Formation 196
197;Formation 197
198;Formation 198
199;Formation 199
200;Formation 200
201;Formation 201
202;Formation 202
203;Formation 203
204;Formation 204
205;Formation 205
206;Formation 206
207;Formation 207
208;Formation 208
209;Formation 209
210;Formation 210
211;Formation 211
212;Formation 212
213;Formation 213
214;Formation 214
215;Formation 215
216;Formation 216
217;Formation 217
218;Formation 218
219;Formation 219
220;Formation 220
221;Formation 221
222;Formation 222
223;Formation 223
224;Formation 224
225;Formation 225
226;Formation 226
227;Formation 227
228;Formation 228
229;Formation 229
230;Formation 230
231;Formation 231
232;Formation 232
233;Formation 233
234;Formation 234
235;Formation 235
236;Formation 236
237;Formation 237
238;Formation 238
239;Formation 239
240;Formation 240
241;Formation 241
242;Formation 242
243;Formation 243
244;Formation 244
245;Formation 245
246;Formation 246
247;Formation 247
248;Formation 248
249;Formation 249
250;Formation 250
251;Formation 251
252;Formation 252
253;Formation 253
254;Formation 254
255;Formation 255
256;Formation 256
257;Formation 257
258;Formation 258
259;Formation 259
260;Formation 260
261;Formation 261
262;Formation 262
263;Formation 263
264;Formation 264
265;Formation 265
266;Formation 266
267;Formation 267
268;Formation 268
269;Formation 269
270;Formation 270
271;Formation 271
272;Formation 272
273;Formation 273
274;Formation 274
275;Formation 275
276;Formation 276
277;Formation 277
278;Formation 278
279;Formation 279
280;Formation 280
281;Formation 281
282;Formation 282
283;Formation 283
284;Formation 284
285;Formation 285
286;Formation 286
287;Formation 287
288;Formation 288
289;Formation 289
290;Formation 290
291;Formation 291
292;Formation 292
293;Formation 293
294;Formation 294
295;Formation 295
296;Formation 296
297;Formation 297
298;Formation 298
299;Formation 299
300;Formation 300
301;Formation 301
302;Formation 302
303;Formation 303
304;Formation 304
305;Formation 305
306;Formation 306
307;Formation 307
308;Formation 308
309;Formation 309
310;Formation 310
311;Formation 311
312;Formation 312
313;Formation 313
314;Formation 314
315;Formation 315
316;Formation 316
317;Formation 317
318;Formation 318
319;Formation 319
320;Formation 320
321;Formation 321
322;Formation 322
323;Formation 323
324;Formation 324
325;Formation 325
326;Formation 326
327;Formation 327
328;Formation 328
329;Formation 329
330;Formation 330
331;Formation 331
332;Formation 332
333;Formation 333
334;Formation 334
335;Formation 335
336;Formation 336
337;Formation 337
338;Formation 338
339;Formation 339
340;Formation 340
341;Formation 341
342;Formation 342
343;Formation 343
344;Formation 344
345;Formation 345
346;Formation 346
347;Formation 347
348;Formation 348
349;Formation 349
350;Formation 350
351;Formation 351
352;Formation 352
353;Formation 353
354;Formation 354
355;Formation 355
356;Formation 356
357;Formation 357
358;Formation 358
359;Formation 359
360;Formation 360
361;Formation 361
362;Formation 362
363;Formation 363
364;Formation 364
365;Formation 365
366;Formation 366
367;Formation 367
368;Formation 368
369;Formation 369
370;Formation 370
371;Formation 371
372;Formation 372
373;Formation 373
374;Formation 374
375;Formation 375
376;Formation 376
377;Formation 377
378;Formation 378
379;Formation 379
380;Formation 380
381;Formation 381
382;Formation 382
383;Formation 383
384;Formation 384
385;Formation 385
386;Formation 386
387;Formation 387
388;Formation 388
389;Formation 389
390;Formation 390
391;Formation 391
392;Formation 392
393;Formation 393
394;Formation 394
395;Formation 395
396;Formation 396
397;Formation 397
398;Formation 398
399;Formation 399
400;Formation 400
401;Formation 401
402;Formation 402
403;Formation 403
404;Formation 404
405;Formation 405
406;Formation 406
407;Formation 407
408;Formation 408
409;Formation 409
410;Formation 410
411;Formation 411
412;Formation 412
413;Formation 413
414;Formation 414
415;Formation 415
416;Formation 416
417;Formation 417
418;Formation 418
419;Formation 419
420;Formation 420
421;Formation 421
422;Formation 422
423;Formation 423
424;Formation 424
425;Formation 425
426;Formation 426
427;Formation 427
428;Formation 428
429;Formation 429
430;Formation 430
431;Formation 431
432;Formation 432
433;Formation 433
434;Formation 434
435;Formation 435
436;Formation 436
437;Formation 437
438;Formation 438
439;Formation 439
440;Formation 440
441;Formation 441
442;Formation 442
443;Formation 443
444;Formation 444
445;Formation 445
446;Formation 446
447;Formation 447
448;Formation 448
449;Formation 449
450;Formation 450
451;Formation 451
452;Formation 452
453;Formation 453
454;Formation 454
455;Formation 455
456;Formation 456
457;Formation 457
458;Formation 458
459;Formation 459
460;Formation 460
461;Formation 461
462;Formation 462
463;Formation 463
464;Formation 464
465;Formation 465
466;Formation 466
467;Formation 467
468;Formation 468
469;Formation 469
470;Formation 470
471;Formation 471
472;Formation 472
473;Formation 473
474;Formation 474
475;Formation 475
476;Formation 476
477;Formation 477
478;Formation 478
479;Formation 479
480;Formation 480
481;Formation 481
482;Formation 482
483;Formation 483
484;Formation 484
485;Formation 485
486;Formation 486
487;Formation 487
488;Formation 488
489;Formation 489
490;Formation 490
491;Formation 491
492;Formation 492
493;Formation 493
494;Formation 494
495;Formation 495
496;Formation 496
497;Formation 497
498;Formation 498
499;Formation 499
500;Formation 500
501;Formation 501
502;Formation 502
503;Formation 503
504;Formation 504
505;Formation 505
506;Formation 506
507;Formation 507
508;Formation 508
509;Formation 509
510;Formation 510
511;Formation 511
512;Formation 512
513;Formation 513
514;Formation 514
515;Formation 515
516;Formation 516
517;Formation 517
518;Formation 518
519;Formation 519
520;Formation 520
521;Formation 521
522;Formation 522
523;Formation 523
524;Formation 524
525;Formation 525
526;Formation 526
527;Formation 527
528;Formation 528
529;Formation 529
530;Formation 530
531;Formation 531
532;Formation 532
533;Formation 533
534;Formation 534
535;Formation 535
536;Formation 536
537;Formation 537
538;Formation 538
539;Formation 539
540;Formation 540
541;Formation 541
542;Formation 542
543;Formation 543
544;Formation 544
545;Formation 545
546;Formation 546
547;Formation 547
548;Formation 548
549;Formation 549
550;Formation 550
551;Formation 551
552;Formation 552
553;Formation 553
554;Formation 554
555;Formation 555
556;Formation 556
557;Formation 557
558;Formation 558
559;Formation 559
560;Formation 560
561;Formation 561
562;Formation 562
563;Formation 563
564;Formation 564
565;Formation 565
566;Formation 566
567;Formation 567
568;Formation 568
569;Formation 569
570;Formation 570
571;Formation 571
572;Formation 572
573;Formation 573
574;Formation 574
575;Formation 575
576;Formation 576
577;Formation 577
578;Formation 578
579;Formation 579
580;Formation 580
581;Formation 581
582;Formation 582
583;Formation 583
584;Formation 584
585;Formation 585
586;Formation 586
587;Formation 587
588;Formation 588
589;Formation 589
590;Formation 590
591;Formation 591
592;Formation 592
593;Formation 593
594;Formation 594
595;Formation 595
596;Formation 596
597;Formation 597
598;Formation 598
599;Formation 599
600;Formation 600
601;Formation 601
602;Formation 602
603;Formation 603
604;Formation 604
605;Formation 605
606;Formation 606
607;Formation 607
608;Formation 608
609;Formation 609
610;Formation 610
611;Formation 611
612;Formation 612
613;Formation 613
614;Formation 614
615;Formation 615
616;Formation 616
617;Formation 617
618;Formation 618
619;Formation 619
620;Formation 620
621;Formation 621
622;Formation 622
623;Formation 623
624;Formation 624
625;Formation 625
626;Formation 626
627;Formation 627
628;Formation 628
629;Formation 629
630;Formation 630
631;Formation 631
632;Formation 632
633;Formation 633
634;Formation 634
635;Formation 635
636;Formation 636
637;Formation 637
638;Formation 638
639;Formation 639
640;Formation 640
641;Formation 641
642;Formation 642
643;Formation 643
644;Formation 644
645;Formation 645
646;Formation 646
647;Formation 647
648;Formation 648
649;Formation 649
650;Formation 650
651;Formation 651
652;Formation 652
653;Formation 653
654;Formation 654
655;Formation 655
656;Formation 656
657;Formation 657
658;Formation 658
659;Formation 659
660;Formation 660
661;Formation 661
662;Formation 662
663;Formation 663
664;Formation 664
665;Formation 665
666;Formation 666
667;Formation 667
668;Formation 668
669;Formation 669
670;Formation 670
671;Formation 671
672;Formation 672
673;Formation 673
674;Formation 674
675;Formation 675
676;Formation 676
677;Formation 677
678;Formation 678
679;Formation 679
680;Formation 680
681;Formation 681
682;Formation 682
683;Formation 683
684;Formation 684
685;Formation 685
686;Formation 686
687;Formation 687
688;Formation 688
689;Formation 689
690;Formation 690
691;Formation 691
692;Formation 692
693;Formation 693
694;Formation 694
695;Formation 695
696;Formation 696
697;Formation 697
698;Formation 698
699;Formation 699
700;Formation 700
701;Formation 701
702;Formation 702
703;Formation 703
704;Formation 704
705;Formation 705
706;Formation 706
707;Formation 707
708;Formation 708
709;Formation 709
710;Formation 710
711;Formation 711
712;Formation 712
713;Formation 713
714;Formation 714
715;Formation 715
716;Formation 716
717;Formation 717
718;Formation 718
719;Formation 719
720;Formation 720
721;Formation 721
722;Formation 722
723;Formation 723
724;Formation 724
725;Formation 725
726;Formation 726
727;Formation 727
728;Formation 728
729;Formation 729
730;Formation 730
731;Formation 731
732;Formation 732
733;Formation 733
734;Formation 734
735;Formation 735
736;Formation 736
737;Formation 737
738;Formation 738
739;Formation 739
740;Formation 740
741;Formation 741
742;Formation 742
743;Formation 743
744;Formation 744
745;Formation 745
746;Formation 746
747;Formation 747
748;Formation 748
749;Formation 749
750;Formation 750
751;Formation 751
752;Formation 752
753;Formation 753
754;Formation 754
755;Formation 755
756;Formation 756
757;Formation 757
758;Formation 758
759;Formation 759
760;Formation 760
761;Formation 761
762;Formation 762
763;Formation 763
764;Formation 764
765;Formation 765
766;Formation 766
767;Formation 767
768;Formation 768
769;Formation 769
770;Formation 770
771;Formation 771
772;Formation 772
773;Formation 773
774;Formation 774
775;Formation 775
776;Formation 776
777;Formation 777
778;Formation 778
779;Formation 779
780;Formation 780
781;Formation 781
782;Formation 782
783;Formation 783
784;Formation 784
785;Formation 785
786;Formation 786
787;Formation 787
788;Formation 788
789;Formation 789
790;Formation 790
791;Formation 791
792;Formation 792
793;Formation 793
794;Formation 794
795;Formation 795
796;Formation 796
797;Formation 797
798;Formation 798
799;Formation 799
800;Formation 800
801;Formation 801
802;Formation 802
803;Formation 803
804;Formation 804
805;Formation 805
806;Formation 806
807;Formation 807
808;Formation 808
809;Formation 809
810;Formation 810
811;Formation 811
812;Formation 812
813;Formation 813
814;Formation 814
815;Formation 815
816;Formation 816
817;Formation 817
818;Formation 818
819;Formation 819
820;Formation 820
821;Formation 821
822;Formation 822
823;Formation 823
824;Formation 824
825;Formation 825
826;Formation 826
827;Formation 827
828;Formation 828
829;Formation 829
830;Formation 830
831;Formation 831
832;Formation 832
833;Formation 833
834;Formation 834
835;Formation 835
836;Formation 836
837;Formation 837
838;Formation 838
839;Formation 839
840;Formation 840
841;Formation 841
842;Formation 842
843;Formation 843
844;Formation 844
845;Formation 845
846;Formation 846
847;Formation 847
848;Formation 848
849;Formation 849
850;Formation 850
851;Formation 851
852;Formation 852
853;Formation 853
854;Formation 854
855;Formation 855
856;Formation 856
857;Formation 857
858;Formation 858
859;Formation 859
860;Formation 860
861;Formation 861
862;Formation 862
863;Formation 863
864;Formation 864
865;Formation 865
866;Formation 866
867;Formation 867
868;Formation 868
869;Formation 869
870;Formation 870
871;Formation 871
872;Formation 872
873;Formation 873
874;Formation 874
875;Formation 875
876;Formation 876
877;Formation 877
878;Formation 878
879;Formation 879
880;Formation 880
881;Formation 881
882;Formation 882
883;Formation 883
884;Formation 884
885;Formation 885
886;Formation 886
887;Formation 887
888;Formation 888
889;Formation 889
890;Formation 890
891;Formation 891
892;Formation 892
893;Formation 893
894;Formation 894
895;Formation 895
896;Formation 896
897;Formation 897
898;Formation 898
899;Formation 899
900;Formation 900
901;Formation 901
902;Formation 902
903;Formation 903
904;Formation 904
905;Formation 905
906;Formation 906
907;Formation 907
908;Formation 908
909;Formation 909
910;Formation 910
911;Formation 911
912;Formation 912
913;Formation 913
914;Formation 914
915;Formation 915
916;Formation 916
917;Formation 917
918;Formation 918
919;Formation 919
920;Formation 920
921;Formation 921
922;Formation 922
923;Formation 923
924;Formation 924
925;Formation 925
926;Formation 926
927;Formation 927
928;Formation 928
929;Formation 929
930;Formation 930
931;Formation 931
932;Formation 932
933;Formation 933
934;Formation 934
935;Formation 935
936;Formation 936
937;Formation 937
938;Formation 938
939;Formation 939
940;Formation 940
941;Formation 941
942;Formation 942
943;Formation 943
944;Formation 944
945;Formation 945
946;Formation 946
947;Formation 947
948;Formation 948
949;Formation 949
950;Formation 950
951;Formation 951
952;Formation 952
953;Formation 953
954;Formation 954
955;Formation 955
956;Formation 956
957;Formation 957
958;Formation 958
959;Formation 959
960;Formation 960
961;Formation 961
962;Formation 962
963;Formation 963
964;Formation 964
965;Formation 965
966;Formation 966
967;Formation 967
968;Formation 968
969;Formation 969
970;Formation 970
971;Formation 971
972;Formation 972
973;Formation 973
974;Formation 974
975;Formation 975
976;Formation 976
977;Formation 977
978;Formation 978
979;Formation 979
980;Formation 980
981;Formation 981
982;Formation 982
983;Formation 983
984;Formation 984
985;Formation 985
986;Formation 986
987;Formation 987
988;Formation 988
989;Formation 989
990;Formation 990
991;Formation 991
992;Formation 992
993;Formation 993
994;Formation 994
995;Formation 995
996;Formation 996
997;Formation 997
998;Formation 998
999;Formation 999
